study_hours,screen_time,stress_level,physical_activity,number_of_courses,mbi_burnout_score
1.1847163282964093,11.273575685115205,1,16.60269460191784,2,6.15
1.7458338540375549,5.8677314562570375,2,19.107778668168084,2,7.14
4.458939233449919,2.223399535498243,4,11.93246107558979,4,8.35
1.6156138802325488,3.439661913614788,2,19.171336785074764,6,8.66
2.230241692634918,2.290503382652532,6,16.74342552363089,2,8.88
1.4569533366683012,2.389694332909142,1,9.130707367552164,6,9.23
4.802287914440938,2.577002450208193,1,19.087331641729428,6,9.55
1.9205999288720337,5.4913586988624,1,3.1563554592427057,2,9.65
4.096965101044267,3.953204114809302,3,13.299196778903596,2,9.82
3.8324903456600654,3.1700152808178546,1,19.214267393046136,2,9.87
5.135212205201559,2.9354394489458633,2,12.619991839236375,5,10.43
1.648232535407201,3.670333941494002,2,15.559928059307813,2,10.76
2.5025769589940565,2.1327464075116644,4,17.33915792365911,3,10.93
5.617875534775154,7.253707562261782,4,16.005474104613082,2,11.19
1.633375176252159,3.359776974477138,2,8.999126967639558,5,11.83
3.8982150343909536,5.3338214114241325,4,16.040131814647026,2,11.89
1.8861932250220919,2.168120166190588,6,13.186516489049072,6,11.9
1.9206103527362053,2.4478094234417678,2,15.329283489872541,3,12.06
1.261512979050838,6.91246328601604,6,10.593369281800506,2,12.1
2.392142015947336,3.698317724165138,2,15.888554377059219,6,12.28
2.5705862246331126,6.831547145749308,2,18.663497894306403,5,12.44
11.097172041114797,2.9216844788476903,2,16.67735826840137,2,12.6
5.216324149498309,10.658037496625877,2,0.7778283076597892,2,12.94
5.632736549643726,2.3966053557706934,2,16.32538558625136,7,13.2
3.687979379696318,6.723581098539862,1,13.854525649491096,2,13.23
4.764832017663365,10.604916883508645,1,18.98677853252413,7,13.27
7.143273751847806,4.972676054382807,8,18.790910363978327,3,13.31
5.486445456498366,6.715688545466863,2,17.40078284365885,5,13.4
2.1629079064851644,4.244454279352379,4,15.370077399813551,4,13.45
1.437733108906908,4.4561524438019555,2,11.568054785540191,2,13.52
2.965693541373727,3.959982254863518,4,16.724972858593038,4,13.65
10.240827213062953,3.310880373351895,2,3.4173429859484084,5,13.73
2.8394625414089667,7.258265116578601,1,19.313267877166737,8,13.92
4.3595091305276705,6.482190058676252,5,13.565047861297312,4,14.09
4.000641345949323,5.167870385288413,3,15.088359352611873,3,14.09
1.4708387090230148,2.2985168188334892,3,9.30477705894127,2,14.27
4.039976798052683,3.482003328564118,7,19.576812349845,4,14.3
1.8248856417964723,3.602302132644073,1,7.705847960712764,5,14.33
7.053848001018424,5.338723098590495,2,10.383576060409887,3,14.33
1.0308137733391898,5.346581476991306,4,18.589290416166,7,14.33
8.038921871640655,4.211303661034747,2,11.133399053371157,2,14.38
3.6507245283942873,8.122674862186955,2,9.148479198501857,5,14.41
1.4991044995941398,2.6533937753752452,1,3.797640690945694,4,14.53
5.42521562398125,5.0172231013129265,2,8.031324512218728,2,14.54
9.280327192275882,2.501404231368789,2,10.065475526434106,2,14.6
1.1515299890441344,11.976660378746578,2,10.333134693677348,2,14.65
11.763349507911489,2.466748838673667,1,11.561594259662868,2,14.66
4.371670784493398,4.388130987261987,2,6.410925893639387,2,14.73
8.154654362126086,13.539660993293396,2,16.09638010194256,2,14.86
3.1446910247186732,3.6676700370154545,4,6.397827695780551,5,14.88
3.4418942893689186,9.619614579497064,2,18.212973877095653,7,15.0
2.6880634827106378,4.564513602699247,5,17.366342202705233,2,15.05
3.3379917822680034,4.279529977862871,4,10.340305437353553,7,15.06
9.070499151990017,3.881210029387444,1,10.040347927902351,4,15.14
8.001804601473651,2.814260858972856,3,14.600274756043286,6,15.18
3.1743473739007033,8.936657257652584,2,14.888461402353832,8,15.18
7.254913176154283,9.522487077228108,1,17.595859778232548,2,15.21
7.430539962625136,6.076927982562804,3,19.52359933003021,5,15.23
8.079986224443473,9.065952236503682,1,9.712276910142279,4,15.28
7.310745529278617,4.051523936255917,2,8.009835370743987,3,15.3
5.011864382657429,14.013948360721546,1,17.954621444364903,3,15.33
3.0154740195959397,2.950477450792358,2,6.368250161285767,6,15.47
1.636457371017681,11.711890838490037,6,6.226485566316995,3,15.58
2.961530373222898,4.7253209191312155,7,15.244348242815933,4,15.61
2.969858865135321,12.521712887422135,1,17.74400167697381,3,15.69
5.914511104147535,9.956737136708567,1,18.450924130114323,6,15.77
4.70781912872605,3.1187514911081298,6,16.35354340388882,2,15.78
2.973862039086086,7.901149836996034,2,13.663226297940238,6,15.8
9.293736048901579,6.611119585706752,4,11.74229822873697,2,15.83
11.592291511007044,3.1457537546766954,1,1.3891541182427591,3,15.9
2.078653850861777,9.910259232998241,4,16.644576214320786,4,15.92
3.025661885632142,7.281508934312155,1,1.4218320568605414,7,15.92
1.962813957464845,13.299157472176091,3,18.412540658532606,4,15.96
3.4306645796979014,10.561798273399916,2,15.692885322693721,8,15.96
7.800669943104123,10.834219378260569,1,18.113169172327442,5,16.04
2.2901920747421682,6.463679095443756,2,15.283216543490193,5,16.07
11.32026545640172,4.2484638205128284,1,13.095514601796554,2,16.08
6.342133198482236,9.54986291485565,1,18.199176401347263,8,16.12
13.051459363848828,4.853452506763163,1,14.85242998362227,4,16.2
5.416685588698659,7.091231318651382,2,13.731691281138225,2,16.22
13.066294122253344,4.704031946350076,1,6.6901305719634845,6,16.31
3.6744685754085378,2.1139959647543134,7,15.79490642923801,2,16.35
9.601634740795946,5.039189548862853,1,8.970064009484624,4,16.35
1.204570281341483,4.085699472827996,6,16.128423654685278,7,16.37
7.8855590653689625,2.1861470904142655,2,6.8886646105158444,5,16.39
3.4104707067234696,4.756141023546177,5,18.956275890021082,8,16.43
9.211230573917565,3.309176717329799,7,14.86512649100289,3,16.46
4.576916630939239,6.410378674039998,6,13.465073518407902,2,16.47
1.1093547567293611,11.526201578367866,2,9.141946776412365,6,16.54
4.09490637977299,12.936503939046675,2,17.85544548782855,4,16.62
11.08812360047465,3.2073760377136367,2,17.080490833176995,6,16.63
3.9368638955374022,5.083212010599246,4,18.792088073892323,8,16.7
3.9180090086001824,5.33684917952168,3,18.34025833182968,3,16.77
1.6155768804999213,9.328873920946593,5,17.40619818630417,4,16.78
4.195150804290658,11.334240504805482,1,9.031053729693838,4,16.85
1.9684429002126715,10.49336973863756,2,19.639604719175665,8,16.87
4.377795024319834,9.584741914820112,2,16.241899245263852,4,16.87
8.290708658874705,12.18749916169332,1,17.779641139131826,2,16.89
1.1793313171318935,3.801755689062714,4,0.4791108393059562,2,16.91
6.4878589987282576,3.265992916419532,3,17.334237970766274,4,16.91
1.3505030432541463,7.3200521797118325,8,13.118291346246114,2,16.92
2.24335342702246,3.8767017580166914,4,19.29558253430266,6,16.99
2.4038713558238998,10.575286005393316,3,10.731376644213938,2,17.0
3.349974179481049,11.699738420847392,1,15.406183605205698,7,17.03
4.184298901298697,4.024261816772683,3,4.0973050333475385,7,17.07
7.211434052542056,5.707899706475015,6,13.526021432321008,2,17.1
2.144472200825708,2.756942705975263,6,9.300588843437499,2,17.17
8.2797587775665,7.646775806608465,3,11.668345998898928,7,17.23
4.105960512299755,2.065235950536124,6,9.515753337827595,2,17.38
6.653751386504434,4.251229505578059,2,13.45718935656543,5,17.41
4.408489160449039,2.1088731626773107,1,2.0292335782962656,3,17.43
4.8763441860953485,5.503306222079289,6,16.256250341174734,2,17.44
13.568816432936968,7.67078941535705,1,18.646839363677326,5,17.48
4.023243249083164,3.5031163179801057,1,12.139804171252313,8,17.5
7.597240597204436,12.873853597549308,2,15.201360998036064,4,17.5
2.8598373478495205,3.967493842234137,1,18.340884081568255,5,17.52
9.188858994688934,4.471461267972573,2,17.12608902427036,4,17.63
7.545664433785181,11.529813136221799,3,19.217752639193154,3,17.7
2.565909999815108,6.871268359672891,10,12.196154572205307,5,17.71
3.0407133769419934,5.163766927441634,6,10.958974689643492,3,17.77
1.7539171201009738,11.160819152107326,1,16.918634464695522,6,17.8
2.825834898352562,7.566481218506753,4,17.84520555707713,6,17.84
8.57522747425566,8.226049515474259,3,19.236303828891995,6,17.91
1.6674451891808242,8.987028243792082,4,8.444101360357054,6,17.93
3.7980178915801677,12.934839379980081,3,5.248731305698479,2,17.93
6.0312473459746565,8.367358204943969,3,6.6811226192691775,3,17.95
2.1100701770852344,8.275448127251146,5,4.8273374546701735,4,18.02
7.406777838216949,3.1466762684513085,2,19.696970181990693,4,18.03
5.04301843504125,6.986805420654081,5,5.484266872588424,3,18.04
8.39322004825956,6.958502114103639,1,16.798157483089383,8,18.07
5.3258532616527745,11.234286700179354,3,15.925387674950176,3,18.08
9.668415643071388,2.765296591916533,3,13.82377384909626,4,18.13
11.328794148518938,4.693770744659603,3,1.7995773673230264,2,18.15
6.54611126602812,6.406516919973254,2,10.801142617832353,2,18.19
8.013639328542975,5.696716037834783,1,6.632241549520428,3,18.19
2.4495867982397663,3.24188495589651,6,19.990158842035644,6,18.23
11.813716610942627,3.6410584249925626,4,8.769746383667574,2,18.26
3.624406095672015,2.99402129447867,7,11.344573114018367,6,18.28
1.4010055544005762,3.2081532483647854,8,13.607499755030288,2,18.34
8.831926988094468,7.180235530476916,6,19.93864832297826,2,18.45
9.126478493194625,7.827445628705837,1,5.691103906266337,3,18.45
9.177591133209885,4.723714739624381,3,19.36693562186338,4,18.5
7.386472752501339,11.993525796512348,1,2.7198080637862243,2,18.62
2.5645953723652486,5.708391611612329,7,15.1899505163734,7,18.63
6.960756011110162,5.5281776968564955,10,15.587440110902243,2,18.74
10.103716536980063,5.354795388141646,2,7.66122925707637,7,18.79
1.161376081868878,10.232275879685123,2,2.941537611188769,4,18.79
10.91203707968479,4.254104400028218,3,16.558059100823513,8,18.86
1.2088776594691537,4.945637435130964,9,18.714723846108477,7,18.87
7.3553560442336385,6.58204388407972,4,0.4478231734744065,3,18.95
3.2454782102949333,9.029782003851757,5,9.283384911634133,3,18.97
4.010755174963583,3.4629931036104074,2,8.999696524732588,3,18.97
2.565288948635828,7.1725970061712205,7,15.44635754214212,2,18.98
3.0536516027583165,12.724133776498107,3,6.412242325272423,2,18.99
10.952536904408019,6.3553312755125395,1,13.390859801060964,3,18.99
1.958168731746106,7.017338037471979,2,14.471356652067284,2,18.99
2.0891003900716125,12.29727672912259,1,0.07808611316372893,4,19.07
10.882747872897296,4.724222804619036,3,15.9356686169413,3,19.1
12.882732063424868,9.567697934103412,2,15.923635113991505,4,19.11
2.3664314953315944,14.408087445702702,5,19.233222416344532,2,19.14
8.702196882522827,7.169084405193067,1,9.676822684750228,8,19.22
6.3558130264187325,11.667916323332566,3,18.44929926377538,6,19.27
1.9775587680622628,13.746113371889287,4,16.855499441823504,3,19.37
3.4121818444012746,2.97510677011696,6,14.45218815099178,6,19.38
2.6593655373020724,4.949519898825952,5,7.272027233848808,4,19.45
4.0893778980006825,8.088248921517339,5,6.879133264033987,3,19.46
2.5978607661827873,13.158942916631203,2,7.14791395313685,2,19.47
7.422271671117507,4.503708848895459,6,13.825723008175988,2,19.48
9.457351130546087,4.2164521005195414,5,17.4599786600229,6,19.5
11.24043142516082,8.523983376844832,1,16.173322048371595,3,19.54
4.911854389948543,4.990252307200992,9,15.806184033985192,5,19.59
5.907208418328889,6.111010093664556,3,17.960170727668032,6,19.62
3.3975759263704064,4.0648970854381155,8,13.049133495679673,5,19.64
5.784543219107645,11.8381071618699,3,14.01120469170557,5,19.66
6.950878341667595,8.373962439015463,3,17.05706326183933,4,19.66
7.089865475285711,12.507912722910278,3,14.591995884242962,2,19.66
4.7140082247961566,8.340359796346727,8,19.224553308617992,4,19.72
7.517433650417322,3.283681814082068,7,15.747445477868602,5,19.79
7.364539859513648,7.341783454703651,4,12.21295003561864,2,19.8
1.8381579093039664,2.928338878196504,7,14.049667954614183,7,19.8
1.6037877164151362,12.005405895309027,3,10.57389030364827,4,19.8
6.252189727037074,5.341933487355801,3,10.711858442171016,7,19.81
8.663673810291156,4.496551916449279,1,15.713188902828577,8,19.83
3.7950667213102482,7.727922130299106,1,3.5155679963559527,2,19.84
5.907048857527258,3.376968510004276,9,8.887635306430699,3,19.9
1.5614540216536164,14.529621299784502,1,12.241249947735664,6,19.97
10.079325847377007,2.7459431354083765,3,13.032716665142354,4,19.98
2.9264247218395383,2.1852695467638217,5,13.435106292489634,7,19.98
1.8152658874768082,11.059041647365762,1,17.142923545164063,7,19.99
4.595994892530504,6.241976811868701,10,15.507990174963652,6,20.07
4.093435965781675,3.48830739370655,4,6.614793293113303,8,20.07
1.120897129652858,13.479375815183191,3,9.27169230982457,6,20.12
3.987915732418828,11.455792241567734,5,19.13709770313864,4,20.12
3.642539329573141,5.619554930317952,5,2.4851821382233252,5,20.23
1.848051996733064,9.33097811662386,6,8.735597939045878,4,20.25
3.6176569679710453,8.410704087216908,6,4.580815902070324,2,20.26
4.023194360770164,9.714789245537052,6,16.534194359448065,5,20.28
4.126672521181944,3.001141126867436,2,14.320951323006167,8,20.29
9.139650271103475,6.007407537597979,3,16.414154864882747,5,20.35
12.947424839193342,9.287792080730595,1,19.09206841505189,2,20.35
4.185376801082212,6.065258921085048,1,6.136870469006464,7,20.36
2.8246275147829505,5.399857772154053,4,19.075298564591268,8,20.37
13.447276654051722,6.588480938626281,5,16.24323622196114,2,20.37
6.6699937796303175,10.036272432764797,3,11.127708576336623,4,20.44
9.7092655420662,6.8553175742650065,4,6.712824202888566,3,20.44
11.421751230919073,3.5423896506389267,3,14.921185363706105,3,20.45
10.651548385112848,10.653905911920576,1,18.619538652095542,7,20.55
1.2205964038775468,6.448219488611744,5,6.357499701236873,3,20.57
5.613159922948386,5.524329256062624,5,19.818825918253825,7,20.59
11.050215033994,4.449911008602582,7,8.444854770773201,4,20.63
9.330515053290247,4.6505205801431035,7,4.8521015085801,2,20.66
4.229965083953177,10.114499970808737,3,13.909954717606524,5,20.68
4.218614852014471,7.13043587310993,5,11.510696975266313,2,20.69
6.62815387270679,5.071074791755732,1,3.522985310294535,8,20.73
2.2663913515731604,2.201530859366609,5,10.98842750246334,7,20.73
10.879633438099923,4.432038038405614,5,16.693242075737466,3,20.74
1.5825278536959055,10.241919370470159,5,11.401226131071443,2,20.78
3.7798907989656034,4.492073256211542,9,17.934831509270612,8,20.79
3.006580573656515,11.727969309812591,9,17.344022642089783,4,20.8
9.191167404000344,7.041757974107934,4,15.578493704947336,3,20.8
1.1038380124752176,5.934403966455958,4,3.290564881453637,6,20.82
2.325409888838574,8.571978596484067,10,19.094058751481562,7,20.82
5.5668464570335505,12.770937978098946,3,18.27740249068806,6,20.85
2.106437946394515,6.632124471280996,8,13.857517301423448,5,20.86
7.497944775763072,5.02251937712546,2,10.4860373821117,2,20.87
10.27363832103149,7.15140377348545,7,19.94760107097552,4,20.89
1.0086281361090421,11.81957538300454,6,15.101871488569103,6,20.89
3.0578470669799493,6.687011438843968,7,3.0042591109230465,2,20.89
3.136689775997187,7.203907691599422,2,5.12506213175622,8,20.96
4.344156554625005,3.474802845521839,5,12.927202977004143,7,20.97
11.5047557864309,8.142714001294676,4,10.381049207630719,3,20.99
6.60321039644769,2.0974492963668006,4,0.8525257751751081,3,21.0
5.239764319890797,2.9904824239659806,5,7.5036137708484585,2,21.01
6.7644779856058905,12.947417614926321,4,17.10073794198873,4,21.04
6.021611153555217,6.269988889869169,3,7.128347704751025,2,21.05
7.486002218918056,7.673304761216105,5,18.347041506121965,4,21.05
9.214515192079558,4.318087891012065,4,9.901341303517789,5,21.07
7.5492761038291905,6.826174176236201,9,14.09739139163359,3,21.08
4.839445906439346,5.44054731758266,2,13.717053302075016,8,21.09
5.949208680924971,2.5414822257282914,3,1.55031743882025,2,21.19
3.714789171536903,12.779717314370073,6,13.96327901899143,4,21.21
3.190481710402597,5.8703506942433865,6,13.9057308699363,2,21.21
5.206800529081203,13.301749784126695,2,3.2731246269445813,6,21.21
4.15882062872286,3.6676223667833265,5,8.433113749691127,2,21.21
1.9210787195934953,5.103509732380185,8,10.240576988639301,4,21.21
1.1444834992022748,13.057372019804305,5,19.89095995334302,4,21.22
3.7709481628966235,3.09150151401902,6,8.904804160356374,8,21.23
3.4319608823150665,14.448017950297713,6,12.35478919327651,4,21.25
5.979207546311297,3.6206916721435145,4,4.288643895505919,2,21.28
3.3923260864958964,10.915533045254318,1,9.439344697821891,6,21.28
4.762717995817642,9.058840076337821,1,11.746585494684892,3,21.32
5.38825688156871,13.332200212146995,3,17.594926679709012,5,21.32
3.633662792683466,9.397307554086723,2,18.158488041360922,8,21.32
1.7799730842880326,4.568406454176002,7,7.987784510536972,3,21.37
1.0577226144116714,13.685146897870004,4,8.36195815886361,4,21.39
7.072027003570401,4.921627832868289,5,13.704516925200863,3,21.4
11.760059004658087,12.9544962856692,2,14.02115094829403,2,21.44
1.1661216355496988,13.2060740750538,5,7.9237709141068375,6,21.49
9.85674596506179,4.571026511619493,2,17.241259181196558,5,21.5
7.198447339603947,5.4178256913130785,5,5.538607009976991,2,21.5
6.605005210935543,10.061934402860372,10,18.20439835341235,2,21.57
1.165560791414978,2.4656708566718506,9,6.325305172254692,8,21.59
12.704685669656465,6.440456622709767,2,6.333081799484015,2,21.6
2.489474279483193,5.479991325099337,2,2.7046250056066934,8,21.62
6.029815761842226,9.589361352343195,1,8.350136841473175,4,21.63
5.332886029321204,2.6873193229346093,5,13.216689244929032,7,21.66
12.24189139870724,13.61222208323727,1,16.6473149621069,2,21.69
13.675011837844336,5.175918384855062,1,10.818629207212712,2,21.7
4.793197401301642,6.711333862259749,7,7.690071532548133,6,21.73
1.6181760728105354,4.572238530496717,9,5.306473363729738,2,21.79
6.878649500441309,14.897427126149834,1,3.876862490345734,2,21.82
3.873382643716865,5.225046967467553,7,7.178817896787155,2,21.84
9.409643515464449,6.6128007696405415,5,12.674468571001505,7,21.9
9.711991038930453,4.196799360671807,1,8.462010876343918,6,21.92
2.277621983400103,8.764378362038133,9,14.36780473592339,7,22.0
8.684548385157486,8.61169991166673,4,9.559104255194988,7,22.02
7.1313183643168,3.546382118726656,9,1.5054275121786653,4,22.03
13.9732991175286,11.187398726460621,4,14.691216778819786,5,22.03
8.420516207747308,10.789393179861092,2,3.7351865614362745,7,22.04
13.963149676565937,5.892732038628795,1,14.910781379984465,8,22.04
3.4929737167479464,6.8816231655296685,7,14.105863065009332,8,22.06
10.983656427577298,6.182580614424911,2,2.1450129803840934,2,22.06
3.775338030193468,10.710834902917917,5,1.7699719847781692,4,22.06
3.31677745687495,9.4029311864833,5,17.699717642343973,4,22.09
5.115843788652211,6.340709010877383,2,18.83928114889917,6,22.09
13.580190928869394,2.9360099813589855,6,18.500401555055575,3,22.13
3.076595214363502,9.374224951815059,6,11.429936926259082,3,22.13
13.122586451057682,2.6109141846131823,6,8.923175077499312,3,22.15
4.834056697216136,9.820779905219734,2,10.867252580577214,6,22.16
1.271941223398186,9.623779071143082,8,15.801930735909,6,22.17
13.323079533948444,2.724526056930841,4,16.999834445983424,3,22.17
11.501633486761003,9.036782291537108,2,11.10989191980764,2,22.18
2.1531025743777805,11.02129239816831,3,8.146288412433194,3,22.19
1.0969223791731466,3.679284376950453,6,12.426279443333057,8,22.21
10.299124563492423,3.5630965595737965,6,7.32641631739706,3,22.22
3.355630462568561,5.12707969355213,5,6.372874459862947,4,22.23
9.551243220967432,8.002519920651844,1,0.10451423041101027,5,22.25
6.797964344057186,5.296568834996829,5,0.26859297451166775,6,22.28
11.00473088805451,5.453172906707983,7,17.584205238780168,2,22.32
9.571609706583155,4.215318190635592,2,3.7185018952673543,7,22.33
10.491567728345146,11.675340013469198,4,10.563170724837942,3,22.34
3.771630013796246,11.716985798138458,1,17.763244662330383,8,22.35
8.861965794277213,7.601689944763552,7,16.696448305971334,4,22.36
10.183057810767487,3.17916453592074,3,12.159211601854947,5,22.37
7.046417857294766,6.714884164223266,8,12.128683708948852,2,22.37
4.276929609060113,14.352761326547725,4,12.74716915761517,3,22.38
7.8276475601773345,3.3441988106994196,4,11.341493038052505,5,22.39
3.0145330655017375,12.349464968953482,5,10.40282691850221,3,22.42
1.7090167227902509,13.018318720206878,4,12.341082212597914,5,22.44
6.982562508259274,4.967109519689282,7,6.83419492313808,4,22.45
10.247022308870305,3.5935615918039776,8,5.6795395324588664,4,22.46
6.278336950528595,8.616169745246548,8,15.26631355453433,2,22.46
3.227632268655916,6.8895093157780405,4,1.682910888641136,7,22.47
4.957872487061879,6.851787043040488,8,19.26655259021745,6,22.49
1.397936515512607,10.251679283007382,5,14.389180977387703,4,22.49
4.244067065262693,3.314437177208902,4,3.5185581075031425,2,22.51
7.8499912207428535,6.496289368401215,2,19.40305105762289,8,22.52
6.712538274940374,4.725225207959702,4,10.621737213648178,5,22.53
3.399106860062219,7.787725940827619,10,15.64927815398182,7,22.57
7.739782357528627,2.814094454612889,5,4.482570879259051,6,22.59
7.714482599556358,14.514041804539383,1,18.295463051018153,7,22.6
10.956091794614363,10.993059886658813,2,9.454095236502308,2,22.61
5.3774584182487,5.631092909971569,8,19.853732715009325,5,22.62
3.0692953501307887,3.0165428527819245,10,14.22467509868832,2,22.63
5.310693673174645,3.610756222504271,4,2.082914634689801,5,22.65
9.50045952735066,9.846702355580227,3,12.816898802552391,8,22.66
9.428317015610723,3.3422132148807164,7,17.639456333937876,3,22.67
11.537508500320653,3.282004634464651,5,12.57754397417263,6,22.71
4.072209943018951,11.00648808619682,2,10.057020285832055,5,22.72
4.964725728251812,5.616254976032559,5,10.545719831885556,6,22.72
5.125308353048265,12.688260215564208,1,6.418778584499072,5,22.73
4.508175315674327,10.454657217178562,3,10.671029557831282,7,22.73
7.476354798295942,12.439997283530317,3,9.878131144116871,3,22.74
3.5702253690715042,6.838916220606588,10,16.249477356508052,5,22.77
2.3566170759225775,3.999629752178832,10,13.341266469387183,6,22.8
8.316992616043638,14.46175792922801,8,13.645807053567388,3,22.8
7.789794751144079,10.715486719268197,4,19.907805929407385,4,22.8
6.151100389055161,12.42250475997396,6,19.577066485917292,8,22.81
9.07094810337309,10.463271413068734,2,7.675130078662773,7,22.84
4.237585843122072,2.8779254119986244,4,0.6349804697620054,2,22.85
1.3223582697543321,14.5327720408441,2,10.386813335261225,5,22.88
11.115868472706252,10.196872369045067,3,18.539359364989366,7,22.9
6.923995630963624,4.489505685954225,4,0.6188663187672194,6,22.91
4.98735720781157,11.654616221283149,4,17.782222380130456,7,22.92
13.604623119048215,7.353819880259368,7,15.44615662506623,3,22.96
4.6152991561954115,8.002355008753272,7,16.413302156333543,7,22.99
10.78267545614234,8.329810164241866,3,17.945706515877816,4,22.99
10.673377477572753,5.660276987910757,2,1.1725280653095727,3,22.99
1.1079252257958216,13.041923170338329,4,10.336722271560923,4,23.03
1.5354087003140773,4.188565486775143,5,10.226032655509558,5,23.04
3.220265604917032,9.093820762672081,3,9.288864588714818,7,23.04
3.384141181046569,5.203897972279885,5,1.3838990212332325,5,23.08
8.112070711512244,8.644186349859702,2,0.7221418985631689,3,23.09
5.737570467246436,5.051885770629122,3,0.1012657584619947,8,23.1
6.200404761633121,6.420969779489771,8,16.01046284146713,4,23.14
2.249761701581969,9.829293482092812,7,15.533270325943914,6,23.17
5.553937926403748,10.32177669762154,4,12.1143800491748,4,23.18
1.4836772384758805,12.089336427496228,5,9.03981116087431,5,23.21
8.832222400513073,5.533931990191803,3,9.664884074643403,3,23.21
2.1253873385702393,9.631786583039652,5,5.138733454531019,5,23.23
10.463965397287744,13.69750537667987,2,14.760875636458424,7,23.24
11.397022016448172,11.182478642624817,4,12.39239283400278,2,23.25
8.48902553313679,2.898663720975057,7,9.92825603022692,2,23.26
10.248447680705125,6.434564596230373,2,0.7055745678221426,2,23.33
3.870865636291297,14.078346719476366,4,4.535380542477714,4,23.33
2.265933137495994,3.305452262493004,4,6.922261733873687,8,23.39
9.434588938345664,11.483647757019316,3,5.7658300118785295,2,23.39
3.6397091765626595,10.132863658431642,5,6.532965568527496,5,23.42
6.929377431693521,6.103865504764965,5,16.96100655799607,5,23.42
7.717373974281995,7.433874688920425,10,18.257849389675286,2,23.44
2.3446997805924683,11.725149552189414,5,17.83391888158784,5,23.45
7.148999606176853,8.184674228248255,2,2.827420767012836,8,23.48
9.167966937006627,7.761391528760588,2,5.743715507001104,6,23.55
3.351250434463576,4.354248577598696,4,4.287526359339666,7,23.55
12.691518519137277,4.756987954615561,1,0.6439412358415431,6,23.61
12.397318576348036,9.574000739847685,5,15.413399486283065,2,23.63
11.220605620874366,4.721573089272127,2,5.816888887842191,7,23.65
11.62334297319713,5.838424508632855,5,16.653204497715162,5,23.66
2.8050758518787218,9.157736974992103,10,5.853934112945815,2,23.66
4.8245781421383365,11.914132092343179,5,12.741063186031184,6,23.7
6.783461153909862,5.232370617427876,7,18.28033373947769,6,23.71
4.295932043219611,6.834291923850966,5,17.32122239297852,7,23.73
3.357223550192076,2.977488479794472,6,2.504056187568102,4,23.74
8.035347864963532,11.344492139978014,2,7.709618526724018,6,23.79
4.27402869914547,12.579337073848041,2,6.298743128119389,8,23.8
12.088129305783795,6.228746531551157,1,3.4231323502329025,6,23.81
5.570089615142755,10.588595127790551,5,16.29606632189233,5,23.83
2.6262319830007854,7.085469656411386,6,5.715221859073781,2,23.86
4.7551946436263455,9.290361430020361,2,5.820266954762998,8,23.86
1.0085145342615642,9.921300298074351,8,8.666094395459877,3,23.86
5.817539599577264,4.229230349222979,4,17.302953345533783,6,23.87
13.514467843056096,2.542505562612358,4,2.4911648637608086,3,23.9
3.203541811319992,6.190251968022021,9,1.1444975396764168,2,23.92
11.842571254656646,7.086284920706346,1,14.372416555653832,8,23.92
8.75470663458471,6.858934609657906,2,9.74686622431388,7,23.94
3.1670936488642463,8.21920201371936,8,17.73914567998911,4,23.96
1.6234909743442738,2.770879047429769,5,0.1713537109870944,6,23.97
13.156405820480153,2.7183277830607944,8,12.413739692044993,2,24.0
5.471062955058384,11.91978775101849,5,0.9602261826992864,3,24.13
13.854640881257701,3.9573592707016982,4,15.638803171530363,3,24.14
2.116072290829921,12.87313757011803,5,12.308023783136397,6,24.16
8.014497155611725,5.951107655893253,5,4.446476735953784,5,24.19
11.217515981233774,8.487114670346124,1,17.630780668134804,7,24.2
12.456916529697414,7.587692889778747,3,19.113358044664313,4,24.2
10.190275087778634,7.456957942881896,3,13.988026149552224,6,24.2
12.924760282163751,11.395754312304787,3,13.829512346580302,4,24.21
8.011696442456966,2.608738089843003,7,7.062674310386836,4,24.21
9.054269245348458,13.082182144705001,1,16.2929755527832,8,24.24
12.938761221239412,4.885729041789248,7,8.249850604195217,2,24.24
3.1143210440040887,6.802794330942642,5,10.985595509882744,6,24.24
4.181745188349605,10.329031486284167,7,8.170199200176194,5,24.25
6.013342763247296,5.835259023399961,7,17.447275062166025,8,24.26
5.664327010452662,7.454584951312191,6,8.649316722316183,8,24.28
13.83509655314596,2.8832681116971584,6,4.881446569072628,2,24.28
6.324650628289813,11.552970336897914,2,11.521130392951118,6,24.28
1.86015068879546,6.257809918305413,6,1.544693122350198,4,24.3
8.540510904693795,8.037550646866777,2,4.405395362529648,2,24.3
7.691955030914094,10.733415772088893,4,6.962669878451459,3,24.33
5.168573467361398,8.812451020497756,7,10.913185430737808,4,24.34
9.703125892543925,5.179136549963165,4,4.15947504671921,5,24.35
10.472666561053996,6.042657261244673,3,7.103654059264912,5,24.36
11.037418347366529,4.001726731837802,3,11.18069750481695,2,24.36
4.766021028367402,8.15412895420216,6,14.087850739035705,5,24.38
11.66961817714786,4.178901923088047,3,13.083386900648934,5,24.41
10.111641525306615,13.063431454360341,9,17.092322796472693,2,24.42
9.136339977395705,7.547423052214969,4,17.2849983858011,4,24.43
1.6089344828576753,11.362734071323226,5,13.137894617787229,4,24.43
11.47301098107134,10.075517769037216,2,16.027745295334736,7,24.48
9.354411627794883,11.245358561663505,5,10.03731420965936,5,24.48
12.578482227001286,7.194290042227741,6,8.902639937743169,4,24.48
2.481144123459879,5.711331932050135,5,7.70491403722694,5,24.48
3.523841723988504,9.66914595697432,6,14.422358849821446,7,24.49
7.573147049492672,14.472303195505202,2,14.637600042651124,7,24.49
5.279928511070619,8.085354605286128,4,0.18214432633864686,8,24.49
10.48678095075611,14.507123452044834,1,14.07538318323995,2,24.49
12.866957549569532,13.379978903781833,2,7.7766168522582095,3,24.51
5.693664210258205,14.80546171964062,4,14.361783026628297,2,24.52
13.839092114273658,9.376051141655829,4,12.33419742721871,6,24.52
4.649829035489525,12.610218392901404,6,6.9307418565337775,3,24.54
9.942224717020558,11.615959894248453,8,18.701497516130956,2,24.54
7.069952290413691,6.971750022743426,4,19.233776826346723,7,24.55
9.485394603769205,10.19099767033271,5,14.038169835153445,5,24.63
3.7373625527684773,11.470705361379377,4,3.8169960036433292,7,24.66
7.849798121741131,14.130750812808387,6,13.846074517233276,4,24.66
13.04176585723753,6.967487328582603,2,14.644323532012631,6,24.66
7.677221747462784,6.325460832614569,1,2.8498009061221152,6,24.71
7.6396754797963435,2.713365144911116,5,14.972016514604562,6,24.71
10.81298404613792,8.730824634835951,4,17.7900599446695,5,24.71
6.485739111274232,11.066011315307616,6,13.997050469260572,4,24.72
7.860566102972734,9.62560291266935,5,16.112196334287763,7,24.73
13.958433460414433,8.11848479821164,2,0.5619943490442725,4,24.75
8.035874251790094,9.570653487132773,6,16.482943908894697,4,24.76
9.792408082112246,2.581369675071122,5,4.320376598247311,5,24.77
6.852377227441842,13.18094925391416,4,12.7370718791385,7,24.78
12.184459162783693,8.157362131931588,4,13.620727604290753,3,24.79
13.41511431457339,2.6835026626985554,9,6.7349922206517405,4,24.79
5.069552112436753,11.962928667835222,2,16.352324104707993,7,24.79
2.2735840773637777,9.965995875185614,3,6.230011066703045,6,24.83
1.5923994447231429,13.526089022095691,4,7.201654657923604,4,24.83
10.120112024964577,2.885874755469272,3,4.159754729901026,7,24.89
10.611284155347635,12.859242847477383,2,2.8301701530614687,2,24.89
13.405294773100463,3.8961131363263313,1,0.8933531162807196,7,24.9
1.3697675092282375,8.786019708140957,7,3.7679322813018423,2,24.91
12.328291832132642,11.675606933308512,7,16.98600872669049,5,24.97
5.297952597408013,5.09817965169739,7,14.412132141254993,5,24.98
10.829938104480094,10.129946539465413,10,18.55907759494521,3,24.98
9.825239598021554,9.486946784547538,3,4.311682765708906,2,24.99
5.604654342991429,12.454030109958966,6,12.813261641512208,5,25.0
12.335597992055634,10.44142691681353,3,6.227953950126299,2,25.04
11.624121493224758,12.61137341204721,3,15.765062379424883,3,25.04
5.159870557709065,5.187959675268895,7,9.101665759473823,8,25.06
1.0877188012722567,5.902972610326615,6,5.270722214900905,3,25.08
12.491541076192608,4.060335329353185,6,16.812463874294362,6,25.1
4.218476875570486,5.233813023466553,7,2.123855511899917,2,25.16
9.660274937630291,12.371727343900991,4,11.596819176869884,4,25.17
4.869344169347434,5.240512939873898,9,17.401749459867343,5,25.18
3.270149507359837,4.786957511837397,10,15.387391892130708,7,25.19
13.645693615296793,9.923806679263159,3,11.64541757603056,5,25.19
3.072457708684796,8.777860159772654,4,2.3316457370091004,8,25.19
2.583191862264794,13.648077690014079,4,3.9530377271676342,2,25.19
12.712638313092544,5.853972907084945,2,7.59180976767956,6,25.22
11.982870553559039,11.649116831822292,6,10.347360241366982,6,25.23
10.482225164433023,9.509695261917418,7,19.877859180436534,3,25.23
11.627157347729943,8.64681291560111,2,3.6397867516310956,2,25.27
4.442511621336859,7.990682594485418,4,1.459563392416141,7,25.27
5.044332444465971,10.481298626206002,5,2.0078755312772434,6,25.28
12.855980576465045,3.679641401616717,1,10.093525608614218,5,25.28
6.726465903943032,7.210968937184078,6,10.7899576965986,5,25.3
7.491908582726028,4.483131488456111,2,11.16201415926643,6,25.3
9.916603625365529,6.572065466917698,2,10.553493503692962,7,25.3
6.172481573122667,2.660586756650143,10,7.485539713788745,3,25.31
3.31587706880099,5.242232349712678,7,8.863068266706735,8,25.32
10.933134813279564,5.299148255739778,10,18.545413066141485,3,25.32
7.07068904944332,4.592611327024634,3,19.908002730960984,5,25.33
5.45278489685609,14.106785057444483,6,16.559331076128466,4,25.34
3.836523366334059,14.669813924673363,8,11.908067928308792,4,25.34
7.918960232302183,4.3943656912976605,9,17.704084452681172,2,25.37
6.5218203809815565,7.661660394499342,3,5.2015965669626585,7,25.37
5.817066061607934,7.8684225831047305,3,2.7628921719671595,6,25.39
7.5304906718849,13.520715509290056,10,19.728274156324602,4,25.41
7.2034149580877775,4.038544777336358,5,2.191385740566927,7,25.41
5.095996975067537,4.822691054379231,8,1.4602378058067678,3,25.43
6.133124401537046,12.372034556258818,4,14.050641318347486,6,25.44
2.463161728094815,11.879791588704935,8,16.614329928495373,3,25.44
10.365017382436996,13.341625053425707,4,17.079753207569233,4,25.46
12.684725790383697,9.506375062938842,1,0.9168882951235147,2,25.48
12.65651622284732,4.732882481456328,6,18.073146916641395,4,25.48
11.332192985663767,2.153123376866207,5,18.854889247983742,3,25.51
4.117451316445186,8.303559205625334,7,10.278281635671238,8,25.53
9.300885154936639,5.3165810655790064,4,6.112100475380036,7,25.57
5.805146747748265,2.9540421256500453,5,2.0625259894494574,5,25.58
1.7310979659049175,7.444714592636512,10,10.963140813343804,6,25.59
2.914111572146949,5.133221674987173,10,2.817391947320571,8,25.6
9.365147470706809,7.257986151942951,6,10.006652328918406,3,25.61
1.423353869492949,6.3705863088657475,10,12.3469014679614,6,25.63
2.092199360180922,12.83410144920304,7,8.728976225093017,3,25.64
12.39786517096844,14.579460438036966,1,0.6745710709852482,2,25.65
12.77971768585862,6.9615126384896175,7,15.447199096125912,2,25.68
3.439797772675028,8.885419004854633,10,6.371721815854164,2,25.7
3.0227282009385656,3.964512422814403,8,2.0159262528511457,7,25.71
1.3358636248970654,12.922708244613773,10,8.465299006343942,3,25.71
3.5664891922707107,7.641365083001645,8,0.7997749970182344,4,25.72
9.357467480756405,14.835650316711366,4,0.9691631569739823,5,25.74
13.89500565998134,3.061949927252091,3,12.504678864075956,5,25.75
5.449430913334624,10.336292678989203,5,12.627477512328557,7,25.76
10.912335266299202,8.032361386262977,5,16.40904856489388,2,25.78
9.574832759760103,11.84892948909044,5,11.773062454850663,3,25.79
6.333555999484767,12.989646288994484,3,16.165977286850197,6,25.81
6.687985196511272,14.631534937250134,6,12.693553867588115,7,25.84
10.272617599245411,8.340372157742355,2,8.658899087879684,2,25.86
10.331937632402306,6.784817510350828,4,13.87688690678814,7,25.89
10.245774103106998,8.195181070888385,2,1.3780933742046675,6,25.89
1.609638986688935,4.727994024295378,8,1.7691710166106,5,25.91
9.23563609870881,8.771078117787384,3,17.62409147028938,8,25.92
3.914901489829176,12.76534330426856,6,11.576761462364882,6,25.93
8.38321123568633,12.145017388299834,8,16.810269045541986,2,25.93
11.79195139700336,7.543976019782132,6,7.411855537814556,4,25.97
10.74997544404313,3.3634220527604857,6,8.994147221258952,2,25.98
6.206339680259864,7.164635689971475,8,9.690745547727015,2,26.0
11.407462530261643,4.742194692526585,6,13.577126623201007,4,26.08
10.750187450834533,10.278567821467263,6,18.41096557005101,4,26.11
7.211625265604091,3.887151553125643,9,10.183342201240851,5,26.12
4.426936441164248,12.394423213918822,1,0.37872949936482936,7,26.15
11.569647125253978,7.832962424160506,2,16.41912323736441,7,26.18
8.581813807425014,4.366405551539046,4,4.020101575201574,4,26.24
7.519550271800592,5.195962271919259,3,8.38867853880338,8,26.25
9.475830523746456,7.441280395675403,6,16.67838111348887,5,26.25
4.735825519370431,8.90033699128614,10,14.10000525250944,8,26.25
5.925737314649272,10.618865307495637,7,4.089774035447191,5,26.27
8.048697742841462,8.761311256046064,5,15.427387835042467,7,26.27
13.969115729990817,5.7243404837263,3,2.9969734259492276,2,26.28
5.473190196980707,10.916685934502876,7,7.6344115302733435,3,26.31
6.384059433475618,6.942091691978358,9,15.005587772341029,5,26.36
12.314595993892057,13.708719183636848,3,12.15059805699443,2,26.38
11.88158993067844,4.725642816797412,5,6.854051182016219,4,26.39
7.724544786467599,10.607720286316855,7,14.3274680400747,6,26.4
3.735282764902933,4.114566965329924,9,11.285005741110922,8,26.41
12.228295190826776,6.616696503420273,8,17.131507819123588,6,26.43
2.2625223486671846,13.88085316460105,7,11.591158035502973,5,26.45
10.597236049034263,9.692642979315389,3,11.632757758078196,7,26.46
7.7710872237926,14.664081657858699,7,13.031321709102585,2,26.48
9.605988514937376,8.341952001765609,1,3.861347422152015,8,26.49
10.932065131405551,6.4233146942073285,4,2.728835862484411,5,26.53
5.5958177147579615,5.525806564067826,9,16.474047855728816,2,26.55
1.203239616616076,12.80033177361703,10,7.862002524051914,6,26.58
11.484920113150443,11.822410894699328,4,9.702131657366165,5,26.59
9.338536680053464,4.781389829531022,5,15.586005215867448,3,26.61
8.064819967116225,5.281465610509465,6,2.3152825624587736,2,26.62
5.2978037719062705,5.031722839117892,6,0.401639933280451,5,26.62
12.418054075819748,7.922995546161071,3,10.82693056962274,2,26.64
10.516826730511799,2.4387963181870727,8,13.800984426741413,4,26.65
12.994536941026135,12.28229756833009,8,14.625907598432557,2,26.67
8.259234443762786,12.027328039977682,5,14.366819980790934,7,26.67
6.196674591566349,8.264988445972266,6,2.0248721645704704,3,26.67
10.062437013615895,9.350877225889034,5,16.768272363442122,7,26.68
3.035071581871243,7.978504557028145,10,2.656595289398993,5,26.69
13.394519191568497,6.411602046411259,3,1.0018030685806956,3,26.7
13.07671244683834,4.52214295302795,3,7.4156746490803505,5,26.72
7.96268915001985,12.750743582410125,7,16.2625721843948,7,26.78
2.557819798047655,8.481363283713032,10,11.810261860286897,7,26.79
11.784968089439559,11.462824580925703,1,8.505744946015607,4,26.8
12.754534978772575,9.006419245729248,3,4.241248646074061,8,26.8
4.556646900949307,8.338641271740327,5,3.6526997762216373,4,26.81
7.609006906765209,6.593371449949118,8,14.2824759413309,6,26.83
1.6562595099255852,13.590575064678006,9,19.008690054889477,6,26.85
2.466980177646785,7.173959611922441,2,1.5859163006323374,7,26.86
6.6290141936483815,14.867292590658527,2,3.8439338176567084,2,26.87
12.148702015051375,2.5605055568034816,3,5.172607032461041,8,26.9
9.495689288660573,14.901181255174254,4,11.789636680806403,4,26.94
4.477291169057426,8.420873566157645,4,13.983143678917482,7,26.94
7.918712790080653,8.809507765986854,8,14.98880326598654,7,26.97
6.031537724854811,13.37015380557842,8,6.443198670866195,5,26.98
2.1451748911357584,13.026271711431509,5,10.663350445637704,5,27.01
9.390360129971132,4.000477387994092,9,15.555018394729785,8,27.01
9.347266868647509,7.1153379261389285,2,8.046198264346922,5,27.04
6.579370212831727,12.87541301087723,10,15.924579906631177,3,27.04
2.483333875000816,5.617966410963629,7,2.8467444959523647,6,27.08
11.439452702297624,11.615141657862651,2,19.880514509687504,8,27.14
9.80501337804064,14.69539921896348,1,9.830972495065069,8,27.16
12.01260849663688,7.187225384575141,6,19.32556168621993,3,27.17
3.010077432670718,11.947325258004645,7,3.4632350803061485,5,27.21
4.469049331697263,13.81528397584474,3,8.567597739739053,3,27.22
6.773548138316625,14.024964845318221,8,7.389948134544069,2,27.24
6.605840714557723,4.231336019943657,5,1.9205932214250199,2,27.26
3.8668933855834853,11.765882147708894,7,13.439354386034061,6,27.28
8.464904936870852,13.056401213567826,5,15.112517990391567,3,27.31
6.3997310817384445,12.44622754894013,5,8.581658969265327,7,27.33
8.049426067108902,2.9964963164695306,1,1.8943652508949693,7,27.34
9.921208787374765,4.185412837323617,7,8.201320694805396,3,27.35
9.1905390541921,13.932491077575628,4,16.956492829587205,7,27.38
9.183395901007344,12.96174205470921,4,2.4872806100274847,3,27.39
5.953370441177121,2.1907901970277144,8,10.660696485589359,8,27.4
11.81074792224566,6.790004917451788,8,18.01303212511798,8,27.41
13.902354525565093,4.287691713358758,3,6.068655938000971,2,27.44
5.693941344717343,9.97268149002819,10,16.18979189074199,3,27.44
3.4827357538866184,3.04750153458764,8,1.2062833580218113,5,27.47
6.51770703718526,7.326807529263987,2,11.288588138202249,6,27.49
12.811449856486249,9.475935870474226,3,7.1155021952935105,7,27.49
5.923386132035203,12.025203294954194,6,7.520321875076991,5,27.53
10.517210283398954,10.104357563426795,9,19.78072937791272,5,27.56
6.77584977076225,5.207392718837676,10,8.513406912403127,5,27.58
7.801533519624816,8.705990199182606,6,3.259202569287014,7,27.59
8.985389620232901,5.974181632750838,9,5.851635147353553,8,27.6
2.733856017579105,11.016312169487868,5,6.9585535329620685,8,27.61
10.360886631497111,12.934583494009832,3,5.05329489127128,5,27.61
1.8500278453685466,6.222139954602682,10,6.585109863538465,7,27.62
7.223205913542389,4.898748409060876,4,11.413324864809717,8,27.63
11.597594095489058,5.987264440109113,7,18.298106083184894,8,27.63
6.8961744334474115,12.251277375807147,3,11.68933904365365,7,27.65
4.803202770372268,3.0007079184455656,9,8.298455344827007,7,27.67
9.396281112732451,4.503352764956239,6,7.892791284101596,3,27.69
12.490944732147026,10.695932424534206,2,1.3491798028467161,3,27.69
4.964640939881042,13.313466233665647,2,0.528962105899613,4,27.69
5.573207329666124,11.662505357074416,3,5.149229733427774,5,27.7
4.929734251283387,6.27024223666212,5,5.304529616904543,6,27.73
1.3977973931951069,8.439543994281278,9,15.914277349958015,4,27.73
7.380024675956437,9.247604121007738,7,12.753863254265932,2,27.77
12.540429337934581,11.987331557233317,7,16.63259800335731,4,27.77
7.134217197071682,2.935007397356352,6,8.082890115461412,8,27.8
12.576562824981318,9.527450814620911,7,11.992789263636004,2,27.8
9.978609150783967,6.176951974813315,5,8.555737157121825,8,27.86
10.064541395230192,5.883343086184287,4,13.80790723392424,8,27.89
1.4108518586728804,7.8138017712653305,9,1.6861978148870094,4,27.94
7.485531024448958,11.607776317108339,8,3.660800913010005,2,27.94
7.763711035846943,8.45733914523331,9,17.464367135555765,7,27.97
4.788619429340419,13.841702955999807,8,1.5097929708715951,4,27.98
12.255819622842344,5.462512441991411,3,1.5452546533161415,6,27.99
9.671125705318108,12.238367566851394,4,11.764563931449688,7,28.0
4.111760372097016,12.046743076206214,6,2.9758030958241943,2,28.02
3.452611597077815,3.4203696390321077,4,6.7430519819815,7,28.02
7.5453224950413365,11.670896060187536,8,16.16188254803566,5,28.03
6.397140045883653,3.302414902339477,10,14.521746016998375,8,28.05
3.7179546691262564,10.567567026981152,6,0.11746245550854795,2,28.08
11.528179219207384,11.815973032867044,7,16.197157694378046,6,28.11
9.385077393431896,11.247782598337436,4,4.730733368485904,8,28.19
9.811599372733326,10.464133511475154,6,11.896276117224865,5,28.2
9.098683530171037,11.63016435950187,1,0.05793064953560245,4,28.22
3.5663717063488902,8.909786505730146,7,2.593031342791323,6,28.22
11.077204871956674,2.220949305308772,5,2.688583675604852,4,28.26
11.577117771855171,4.5624029804785105,3,8.655440249302764,6,28.28
5.554158791611769,8.222092439933007,10,12.296158418155835,6,28.29
4.9401686416720025,9.153447620250702,10,18.048094537530094,7,28.37
2.6135713247766383,8.590682499557479,9,14.900147965754336,8,28.38
9.245074488397126,11.11139041448726,8,7.768358573186516,3,28.42
8.947258357844381,6.16208560814938,4,4.0487582440850485,7,28.43
12.180946938205585,6.071614735661598,10,13.382881311563688,2,28.46
5.468521766533353,11.425245094509787,2,7.89964150186935,6,28.49
12.464765613714924,13.149373613150047,6,5.666166487356299,2,28.51
6.919012495071962,10.6211121874632,8,18.434696572767074,8,28.55
1.172746515571382,9.055502276457785,9,3.500325904154491,5,28.66
3.331062561545263,7.451982636667422,7,10.274728924834475,8,28.68
7.891724093043276,14.605078278977583,6,4.36426710503029,5,28.71
13.377443954987385,7.41270587893707,3,3.7101543698970385,4,28.72
10.759822191523412,4.429889210158934,9,7.154337119924518,3,28.8
8.656999791103784,9.217631364907279,1,2.0026998115090056,8,28.8
3.6842832258221816,3.553872159816449,6,16.142593693589692,8,28.8
7.05664492503976,9.592377520402946,10,15.74303546113522,7,28.81
2.5506009570246,13.855771694747801,9,11.148639817237346,7,28.82
10.715305300373249,8.032694801114907,8,14.727618847099961,6,28.85
10.275166674012866,13.532049621726017,4,8.857573436492075,3,28.85
12.165135937687667,4.4475598870002155,3,4.987295585908511,6,28.86
1.5998197212660399,12.955435102864044,9,9.452468127037344,6,28.89
2.772519131531845,3.7995083248462307,9,3.3982362107470343,4,28.92
10.595720916125273,6.812606594907303,4,1.9338904861852746,7,28.95
7.153089933850756,5.4468164229869345,8,13.034552061711473,5,28.95
13.371575413257844,10.41004346671792,5,14.478637119665095,4,28.97
12.255854793210764,7.620246162065068,6,9.315284806115443,7,28.98
9.858561340669171,12.15095451975789,5,10.63370368233076,6,29.03
8.096068589154722,7.570605643585171,6,10.066151842635486,6,29.03
12.341767014311884,4.661816534621124,4,14.643234684870961,7,29.03
13.47772095473657,11.260949612476626,3,14.571911347773725,4,29.03
10.305618183313161,9.006984429639683,6,6.418067860051391,3,29.07
9.129599246019028,7.377366118507591,6,2.162827328351584,2,29.07
2.974206696519226,14.760124552162425,9,8.951605814384786,4,29.08
3.765838236166606,8.898763863394596,9,3.271433716077252,7,29.11
9.293321778917775,9.083895632731238,3,16.29219950769867,7,29.14
7.465382887221741,6.160928455248659,8,1.1738249468502793,4,29.15
10.983495229363934,6.078723805776161,9,15.115145455981194,7,29.17
5.118716217816963,4.121644025600364,8,2.217554492417384,5,29.21
2.519310069337877,3.0732752568048842,10,2.0418742890025365,2,29.21
6.779331225820042,14.60934429095456,6,3.5788476402436697,5,29.22
10.512433318237969,7.61750649325667,8,5.553761656105354,3,29.23
3.114564200801247,11.734655742543147,10,6.875074287558689,5,29.25
8.638462125164558,6.135500468797789,9,4.768247245653143,6,29.26
5.537634864291217,3.388113864821956,10,12.284533312618402,8,29.27
7.360035450532403,6.412335654177875,7,0.08198302204590391,3,29.27
9.335069456618747,14.455192204974049,6,16.860526653626597,7,29.28
10.624155504751611,9.282912770277857,7,3.4072462969232253,5,29.29
13.526911803919003,11.877060889438454,7,14.5085871383917,2,29.33
7.000204657360637,12.593909885403683,4,6.324144199860049,3,29.34
9.691752262234875,5.4529549334923795,7,8.234310052850747,8,29.35
5.048971168398452,13.002083551559787,7,10.17455550597255,6,29.35
11.254472609542685,3.6009165305798367,8,2.246114214928401,2,29.44
6.429795147110227,6.221282713508209,1,4.4440188337387205,8,29.49
4.109258840389038,10.302010034815266,9,1.38713314220676,6,29.52
13.222407695926089,6.867098609069277,9,18.190847084732912,4,29.54
8.861514188124547,2.3419275438611273,9,0.9797557864433992,2,29.54
2.4821704395155315,9.592001200116227,10,12.94735873085645,7,29.56
4.56109912077828,2.613717598825807,8,5.623677302474324,6,29.57
1.524542016963121,8.383578017210677,9,3.497199341374362,5,29.57
11.159278801788302,12.172598921840763,8,2.081898881096347,2,29.62
12.651803241579076,12.686240023916636,9,15.741796821300081,5,29.65
10.502996991377568,5.988129998957437,10,13.46500455790505,3,29.69
3.883600885213114,11.475082644679668,8,17.356719874762675,8,29.7
10.489386549457375,10.193448505243241,2,2.1296110195533746,4,29.71
4.145928942478264,3.5353898271536544,10,12.716179256841993,7,29.72
7.841674653549582,4.399531373083036,7,6.346921446807212,3,29.75
7.032075814347507,14.996019800138512,2,10.941430969171485,4,29.75
7.015092631720905,12.656412771021621,8,8.853272179247876,2,29.77
9.295791217141899,6.712105385868546,8,14.28859379944026,8,29.79
5.898373614365459,5.258826135334648,6,7.0420920276245225,8,29.8
12.274844754880919,7.811501398783044,3,3.2387142194320995,4,29.82
9.515463371147096,6.766411909058963,8,14.929217626742632,5,29.82
11.454403410628581,5.757927026798628,10,10.888679202171655,7,29.86
11.133302334332853,2.8197460230480997,8,8.580778814914131,7,29.88
13.289029039633611,9.870033685408279,5,10.908713851210617,5,29.9
7.518556487696998,10.805082794450879,2,2.4976620113531767,7,29.96
6.398156601724415,14.709469884924909,7,5.741222307809402,4,29.96
6.8168137414092485,14.754231447455581,6,10.723871695788498,8,29.97
9.349851591480682,11.645848852192689,4,0.03048860462881997,3,29.99
7.294377990461779,11.977274302238023,5,5.459985104704428,8,30.02
4.876328693843257,11.337741846719283,7,0.8211064907595444,8,30.07
8.825022494275222,8.865469400245116,5,4.559802739559089,8,30.08
11.977609532507929,10.241886119200583,7,5.535253078390079,5,30.08
2.015367502535957,9.247881542546603,10,9.65735233802305,7,30.1
6.12653429795327,10.255191378887787,10,13.573718931056476,2,30.12
9.174022302276596,9.430683918763577,3,0.29917397244959343,5,30.13
13.904191679890666,12.649404798441157,9,18.043790519709717,5,30.13
7.315179932785743,10.339043885771027,5,17.635276680542376,7,30.2
3.192849879878058,14.739354945313652,5,2.4639733603046543,4,30.2
12.841771204798498,8.78894500696751,10,17.689147005721168,4,30.23
4.505768849868909,14.780531600133667,4,7.446787722854589,7,30.25
6.81858002221121,11.578028263560705,8,18.007459118679495,8,30.25
6.359307869837579,6.001721020869269,5,10.611610320480686,7,30.25
12.654699282535471,10.01366888782365,7,7.855766710303365,4,30.26
12.628133408360185,4.697314448205741,6,11.940860877046926,6,30.26
11.62502973078677,4.234511317570258,8,6.262220983371767,3,30.26
11.327386380356693,6.635241508530944,7,14.906365358152787,8,30.34
5.040664782060028,13.214776276480805,5,0.9155160722225819,4,30.35
11.90974161540293,9.469922656842769,10,2.9564134854211788,2,30.35
5.354915169171449,4.339186727068707,10,13.906183911813185,3,30.38
7.5282338158905056,12.27014477467061,8,7.916621048791413,8,30.43
12.281182479761936,2.8119021533359003,4,0.941897244138854,6,30.46
11.617588201843448,12.449397482473792,4,1.2680295686205567,3,30.47
9.592185022655439,12.621853506564358,6,6.217029675795103,4,30.48
1.8806501569469167,14.450876824016925,5,1.1820861157120954,8,30.52
3.712557133149784,14.922477623645698,4,1.1866334342704832,4,30.6
10.570953915622404,8.326168421500252,4,0.11540643757241398,6,30.61
12.121897806585736,13.470597489423728,9,12.63115284134268,4,30.61
11.26414458285044,11.10599578043359,4,6.5517216248581605,5,30.62
8.765256089963193,9.535504375122427,10,13.179262846358135,4,30.69
11.009872517143135,13.961032673704137,5,5.419027075440599,3,30.71
13.904317815739658,12.199272224883943,3,11.65972193268362,5,30.71
13.512673321835042,5.650498488375389,6,15.057690049180978,5,30.71
11.360105339573687,12.175880385039155,5,11.993718073498991,6,30.74
10.439648805288325,12.47963443390202,8,13.211095057908128,6,30.77
11.654061576246777,12.699692089121601,2,0.4806969475746681,5,30.79
5.624483718416892,9.74426587730981,8,15.061146955049693,7,30.8
12.981284998377902,11.065198557992595,7,13.963686718436968,2,30.85
12.698872533827506,13.489173764757943,2,1.363417224388599,4,30.86
8.04603012991756,14.467532202266316,4,8.701039186668885,8,30.9
11.677041041998471,3.5766535945997244,8,10.964905125481263,6,30.92
10.853463302131537,11.341836532171236,7,3.8102049450431608,6,30.94
2.2708327757132816,9.352762906736997,7,3.6975096810741848,6,30.95
9.771491251224864,10.079616830934812,8,10.542645106273365,3,30.97
6.962549970600019,14.682213150226502,8,19.110022989303463,8,31.03
4.058888968047065,12.700847648738083,10,9.649744159788668,4,31.06
9.60068793826904,2.248530616254521,7,0.08972900505547443,4,31.09
11.04780217552117,10.58360213042787,9,11.35491991340701,3,31.11
8.617090416220316,10.560651063829733,3,1.8981440022909557,7,31.15
8.008503254033165,4.788255208504333,8,8.691338474785468,8,31.17
4.026567864599713,12.942211135411807,5,12.853802798236826,8,31.19
7.711976419233823,11.78423087648,5,2.2109864193463236,3,31.19
10.210183177113667,10.141187055200412,9,13.186401590648526,5,31.2
3.9658297205435824,14.694989122267664,7,15.141921847571467,6,31.21
12.971314075363281,6.504696501345985,5,5.805730447210622,2,31.22
5.4299892180473455,7.738210714221918,10,16.194901894368158,6,31.25
12.278098849731627,6.924954171555959,7,3.974237259302733,3,31.25
7.628362929656409,14.93529118638964,5,17.44721307006144,8,31.28
10.011814254127637,6.633945542212523,6,4.578770068059681,8,31.34
10.86047964049679,4.3450022038630305,6,8.137128346000724,6,31.38
8.234152715135867,7.883945725364084,4,6.0048487498305425,7,31.4
11.183306617450105,4.578835038019031,8,10.932019508644933,4,31.4
10.489234516229843,11.889257555298068,6,3.318323847396638,7,31.46
5.963376744249738,14.467765759388763,8,5.7073336297635135,7,31.49
12.423481839608122,12.026351611545778,7,15.830498203993288,4,31.5
8.465927906370597,11.403921277144166,8,0.7546739699693106,7,31.52
13.006062854334568,7.634279998620658,7,4.663185477025438,5,31.56
11.035175170957594,9.837040444787322,10,10.429748787743625,2,31.6
4.686153180153934,12.474432211046482,5,4.2156947688718045,8,31.66
13.009610413666987,3.0905259834882584,9,6.77843067873458,2,31.67
5.160928166711491,10.134815298716454,5,1.0233432304307732,7,31.68
9.826039764112428,12.059151587009548,4,10.005060624959341,4,31.7
13.676493107295714,11.015474984192856,5,4.739057853800861,6,31.74
11.368769621618384,13.32387561661489,4,12.863995515891775,6,31.78
10.435291144169266,14.665668275581332,2,0.7483842265938834,8,31.78
10.94382112746252,5.06558132662882,9,5.911035292501953,4,31.78
13.615495141126189,5.472752245966018,6,8.214547039255368,5,31.8
3.925788878130675,13.724216115166476,10,0.3516589483206767,4,31.91
4.878423479727616,9.164460906308456,8,2.9406762397908537,5,31.91
1.1071713684477826,7.758997433010271,5,0.3719790039318638,8,31.92
12.656044335159761,13.526528045066977,7,6.763096716009991,3,31.96
8.877808272550718,11.09646881240831,10,12.333546964367468,7,32.02
13.054697905459179,6.634697175104512,8,12.609082439554047,3,32.06
1.569769133762112,11.692378573497269,8,8.123940018943808,7,32.1
9.048541181981488,13.86971057190305,5,0.5179346809299323,3,32.13
10.532120843363467,7.080048933968505,4,5.977228013021644,8,32.19
3.5176375986293653,10.731114714079064,10,12.552609316659542,8,32.22
12.482527937890893,10.85419051450545,6,18.33723303117726,8,32.24
10.720272947300304,8.953967956093,7,4.38880106035376,4,32.24
7.741032082490061,6.805184001553367,8,4.918804842681411,7,32.29
10.283371141062137,12.580171056058344,8,10.449060298750412,3,32.29
12.430158866423833,12.140661388730702,10,15.96941423537615,4,32.31
9.67331453794423,4.789890627558441,6,1.3802501900652175,6,32.32
10.246274061950091,4.479432242239316,9,2.5330820730226877,5,32.42
9.352539440181944,9.09005982925866,10,12.512870549672645,5,32.46
9.166139701816839,14.991197140918217,7,0.8227375398125991,3,32.49
1.5283323794658452,10.68402420091095,6,1.5302787330731582,6,32.53
8.483439458303119,3.3381920717037463,8,7.967915843118285,7,32.57
10.436253966390598,14.605001748676269,6,2.2983878645166533,4,32.61
12.884942384511673,6.7762357581765045,10,10.763370137863127,6,32.67
10.577179857109812,14.867446667328469,6,16.56388108065283,8,32.75
12.664120277126921,2.835595884105384,10,12.083749663825767,7,32.82
12.825750417671061,13.017307375952836,9,14.787249615418357,8,32.83
11.673688164236754,9.642753246895685,4,0.7308464474013943,8,32.86
5.125411490483261,13.257304645938982,6,2.474422048061937,8,32.89
9.872337410041089,9.77845398998037,9,3.9947480086763876,6,32.91
10.645414532505166,12.268747700555174,8,2.1871833391029405,3,32.96
5.974726546361778,5.956552256184761,7,6.756925525301085,7,32.98
10.228701719703487,9.532115412745247,4,8.62546904747757,5,33.01
4.525160199904575,9.006020671422075,4,3.2251177113353857,8,33.03
13.235261452794179,11.103513000464256,9,3.571837223861758,6,33.05
2.749706473391366,8.48561688942996,10,0.4429080273391883,5,33.06
11.23072326315958,8.516259971418336,8,18.446651374338114,5,33.07
1.8852118101921505,11.848354339697059,7,1.5144480755554346,7,33.07
6.455382973116734,11.478492678112437,8,5.223198226492965,4,33.08
12.43516379035156,3.034948893187897,8,11.936231111244048,6,33.09
7.002969892774017,11.146768648280288,6,10.498813498341622,7,33.11
8.694303490781202,14.360368967427403,7,3.160222556930008,3,33.12
13.935697255400356,2.5984956499656344,10,19.71983736169549,8,33.18
10.41592762852348,6.3554065005151505,3,4.891547444520952,8,33.21
11.520978970321137,4.837580043508612,7,14.74942812472137,8,33.24
12.393731366447502,5.316560992091663,9,3.848888326362767,3,33.25
12.08315867025404,9.178399420280758,1,0.6978794423605117,5,33.26
5.579805772811294,11.361758233602583,4,4.957793744414212,7,33.28
1.0971285893180966,13.239924241655082,7,5.3438114145091316,8,33.3
9.371785811978588,12.901772138444667,9,18.12391933658814,6,33.31
13.468781831366758,8.653581555032009,4,11.977786114196133,6,33.33
4.779380795952242,7.228944794759807,10,5.619037239808895,6,33.36
10.470287055355179,5.6129080268962195,10,11.228691875911675,8,33.42
4.122334869822567,10.227616888549704,8,9.974865382706323,8,33.42
9.735896501178013,3.9990890280394473,6,1.040517225641091,7,33.44
4.981988686863889,6.119937438535003,10,8.240298572494115,8,33.59
9.468275288309465,14.704686482341508,6,17.113923106452376,8,33.66
13.910401954510485,7.202658105930274,4,6.624623381506325,8,33.72
11.109509184932277,3.624087076260434,9,0.747785565547372,5,33.76
4.643533838030401,12.506935581862827,5,5.259393161496078,8,33.77
6.1914349285175,13.430129124229078,10,8.873507508888407,4,33.8
7.221997754243307,14.508684004036125,10,16.758399404083576,7,33.84
2.651154059272704,14.337035302704884,9,4.7318745924433685,8,33.84
3.6916531941828645,12.763779225178627,5,8.420204300467184,8,33.85
2.7905495225898584,10.97917020620515,9,7.584564581407738,7,33.86
11.987832530808896,8.289171634629078,6,12.681034270341664,8,33.89
9.118261121347569,2.3326919339512426,8,3.621200433678269,8,33.89
12.382305782430768,10.242134594904545,10,18.794644199750255,7,34.04
6.229270409303463,13.109416357521367,9,2.8613220627114777,6,34.07
12.809516846025389,14.439106954362089,9,10.408110720316934,3,34.08
3.6287654559739586,14.390895306154562,10,5.605161111513787,5,34.14
10.781000459923925,12.340307548285294,10,17.43308840621976,8,34.25
11.378525818260114,10.300347062225683,9,11.843279277110746,6,34.32
12.365808719120531,11.799983254324069,8,13.040321207812934,6,34.38
10.62699540362838,14.724330002206063,10,6.042225801771197,3,34.41
7.849285083243737,14.728911551661078,10,10.608146584160647,4,34.45
9.308521256031625,7.074098618481386,9,10.555381582635722,7,34.53
10.570000541675837,4.646831961670953,10,8.721767983888345,6,34.53
13.961520662229612,12.032622346794351,6,10.560261041991321,3,34.54
13.855851856122044,13.673979396081164,10,15.126776565539394,4,34.58
9.270133691198225,5.592400771651054,9,15.680670288304785,7,34.59
5.9953996532789064,13.283871780870351,8,9.593108515169,5,34.62
10.236470707033993,11.614233770024413,9,16.228159159429975,4,34.68
6.0471508010417905,12.279752141162188,9,7.043974579512633,7,34.69
11.265913867179203,7.551174160768447,10,3.134660277635082,4,34.71
13.092020611913622,11.325713449683004,5,2.84696292856373,6,34.71
10.396637885126207,11.287049788635604,8,9.332057899257627,8,34.72
10.215218117135112,7.246212938761803,10,5.979567909337469,8,34.77
13.048886275312558,9.38071717656115,7,2.4807468829577317,6,34.8
12.305383637621466,13.077607676937,9,14.966903362932642,2,34.86
6.662022770860141,14.614815419635226,4,6.20308018816857,8,34.86
11.640733391295232,14.322248670884914,5,7.854983539398885,3,34.92
11.337890927928976,12.443824743557872,8,13.067230579073144,8,35.03
10.400818503815765,4.901703632735098,7,6.479559719088561,4,35.19
9.125384912314004,13.228237636327126,8,1.3108313561553775,5,35.22
12.904148862507213,12.092030577508682,10,18.499031297519036,3,35.34
12.773478483983038,3.7303526382914076,6,4.862841755634102,7,35.36
8.473343957374144,14.393275275049824,9,16.163335700186998,7,35.36
11.50686272623371,14.670306638762217,3,4.779460994328426,6,35.37
4.986922345437504,12.579563811264153,8,4.891398067798567,6,35.39
6.938498322452845,5.831678183414212,10,2.5401450832783357,8,35.41
11.589940440973313,13.393307624683231,10,12.386801659168825,2,35.5
8.838048412610915,13.266529045505296,9,9.943136554790069,8,35.54
11.961026763063074,14.573010216147201,5,12.74866172063434,8,35.63
6.833519297057541,12.745204811028653,9,12.66419156733537,8,35.69
7.589301102937327,14.675954508112346,8,10.082214461112642,8,35.71
8.795663163706246,13.208075291731436,5,0.6107297630849029,5,35.77
12.183309009820798,2.6970069288090777,8,5.968455334044966,6,35.87
5.614092594011616,4.898363856242612,8,3.926504057718887,8,35.93
12.10014773474265,8.372518580215237,7,2.9084970203274207,6,36.12
6.303962955607321,13.14342459990552,9,0.5965405121949807,2,36.12
8.175711909947806,11.327129343947139,10,15.643090490087214,7,36.19
8.048979159300885,13.660650832016929,6,0.3846391984663211,7,36.22
8.655339696511433,3.176227816932445,7,7.273788908026999,6,36.28
13.417270834087407,5.202786813192622,5,9.196159461054611,8,36.31
12.004659760760417,4.70986296736811,10,5.842652239768289,3,36.34
11.459345384583733,13.25228535623698,5,12.792537817505561,7,36.35
8.864578754828997,4.348623035143081,10,6.64484982565499,7,36.42
13.998375145516537,12.284774926113993,10,9.727805159089048,2,36.42
3.833383699038087,9.328333828577994,10,5.854515077328881,8,36.44
11.18249878400409,11.074557850692422,9,0.8237769002707673,3,36.53
12.304823419557708,14.733518179987849,5,4.168451982188104,4,36.58
1.896918908789036,13.636307964609953,6,7.165126706261351,6,36.71
11.7608287693645,12.833221788739989,10,8.021086688170271,4,36.72
13.626047572153038,5.68785300894664,7,5.128547758598437,4,36.73
9.469467543994845,13.2743152337199,7,6.266506623656792,7,36.83
10.284401788495956,10.080615495313202,6,9.363900668025098,8,36.89
11.254249461761942,9.282330983498905,10,7.8119982308942415,7,36.89
9.175202355376179,12.979586711681872,6,2.922940747704992,8,36.91
10.144196549819915,13.571131708183227,9,1.2179608785743223,7,37.04
11.684672447056146,5.876559784634717,8,3.1754155020002095,4,37.04
8.43146670119909,13.884666796246353,5,0.4847832033601951,8,37.05
5.963578608200839,8.837836060693668,8,6.701327223182383,8,37.14
5.229477703587571,13.711408911906226,8,4.539584993330255,8,37.16
12.706696863453235,7.9425893069136455,9,0.5404471006730338,6,37.19
11.584125373976017,5.555020946461242,9,5.5385177852164595,7,37.29
11.214315659484125,13.37748238997399,10,3.9774396405808643,2,37.49
11.322647075036366,3.47912236700762,10,4.509921494794362,8,37.59
11.872204581602551,14.963858570776889,6,10.504729172797466,7,37.68
13.450791195250156,13.033781786849302,9,0.878969436788235,3,37.77
10.27936899151695,14.180214571529438,10,13.025070536840396,8,37.82
6.169804702055441,10.7593954190679,10,0.7459384696354543,6,37.82
11.927037211512538,13.447663030999406,6,6.861125283811813,6,37.86
8.896786968204607,14.55900709330337,9,0.7277076912813496,7,37.91
11.613541449563131,10.953289037874516,10,1.5909300169583784,3,37.94
3.8078036800382917,14.311358020540554,9,1.6592953435175883,6,37.98
4.85342928556739,12.302860160372894,10,7.8786525313353,7,38.07
10.489227241814383,12.894773554412755,5,1.7897347290662724,7,38.1
6.2189714129928495,14.325262750579695,10,0.4159472608125858,8,38.18
4.766636346358486,14.75543400645064,9,1.7071054552778886,7,38.18
12.069205799338773,14.960181384968084,8,11.965702363463972,8,38.22
13.224049103664015,14.944909078796098,6,6.054210078526765,4,38.26
11.236817053404526,7.028721996007839,7,1.9764329459969243,8,38.27
13.092663328817723,7.124057042479237,6,0.9117151040472904,3,38.32
11.615737853434963,9.777042463487483,9,15.732493815819176,7,38.43
7.170183336513253,9.116550480258637,8,6.5275023734574305,6,38.5
12.707443988241845,12.90338063931883,7,2.2684688693872945,4,38.62
12.441873548967335,14.631014579565148,8,7.404175865832796,7,38.69
13.91835962464228,7.298232735474078,5,0.4080167648281341,6,38.77
13.545754696242522,12.11681040689903,8,1.4234846758462516,8,38.79
10.97034414821861,12.992086577593529,8,4.055536010808365,7,38.85
11.414571318907004,14.724498893814676,9,19.40602776874471,8,38.92
10.451042564922503,11.495765502031691,6,5.840218633432006,8,38.96
12.901019874202248,2.950619932009818,7,2.832520548214428,8,38.98
10.300965121217276,13.821533576224788,8,11.14770832686152,8,39.18
11.249772035532793,14.940120462391187,9,4.563772733174016,3,39.23
12.144903863142746,9.518996651715565,10,3.0924638835678397,8,39.33
4.887540350480771,14.079988713097638,9,11.610489097793753,7,39.46
13.698425852270857,13.785480911466191,6,4.02459748372034,6,39.56
10.265150348436512,7.701900444407811,10,5.392316271413029,5,39.58
13.726734372517186,10.403372859913489,6,3.6488458864976647,7,39.66
13.520068808407881,5.624357898015184,9,2.5403901252897843,8,39.66
13.057444256874078,12.480161915962375,10,2.46223199416981,3,39.71
13.346614309641069,12.63222628472105,10,12.593258351381259,6,39.87
7.952210688462121,13.180180655324786,9,6.282828069143445,7,40.78
6.780076286332789,14.108223331104346,10,3.5168603212009653,8,41.22
9.162357787292072,10.917385658371433,8,6.158539372328158,8,41.54
11.89343633709198,12.01979185928767,10,6.739790508533156,7,41.62
12.327938715030792,14.481487182556343,10,6.203405754574842,3,42.7
9.54869540698598,13.407288657276693,8,4.076412107972915,8,42.73
12.158917178629896,13.6597167353386,10,15.393249651142316,7,44.05
10.815179305968233,13.779626073965298,7,4.420560639853566,8,45.26
13.558137217532133,11.294715863097244,10,0.07057082808967108,6,45.77
